position,crown,db_horse_count,owner_count,owner_names,uma_horse_count,examples
suffix,ーシチー,127,1,友駿ホースクラブ,4,サイファーシチー | スワローシチー | バークシャーシチー | マルベリーシチー
prefix,アース,84,4,グリーンファーム | ゴドルフィン | 中島稔 | 松山増男,48,アースアクシス | アースアバンティ | アースアワー | アースアート | アースイオス
prefix,アイアム,101,4,グランド牧場 | ゴールドレーシング | ワイズマン | 堀紘一,16,アイアムアッパレ | アイアムアヒーロー | アイアムイチバン | アイアムイチリュウ | アイアムイブシギン
prefix,アイノ,160,7,井門昭二 | 田中一成 | 田中京子 | 田中充 | 田中卓 | 田中宗 | 田中幸,17,アイノアロウズ | アイノウィステリア | アイノカタチ | アイノカタマリ | アイノサンカ
prefix,アイファー,212,1,中島稔,39,アイファーアイドル | アイファーウィーク | アイファーエポック | アイファーオウジャ | アイファーキャップ
prefix,アイランド,103,2,嶋村二三男 | 嶋村誉士夫,2,アイランドガール | アイランドピーク
prefix,アキノ,91,6,山中明広 | 徳山彰俊 | 渡部正 | 秋元雅夫 | 秋山 | 穐吉正孝,7,アキノイロクサ | アキノカトレア | アキノサザン | アキノスマート | アキノビューティー
prefix,アグネス,432,5,上山牧 | 吉田権三郎 | 渡辺公美子 | 渡辺孝男 | 畑佐博,9,アグネスアース | アグネスクウ | アグネスクレスト | アグネスサンキ | アグネスシュウ
suffix,アゲン,138,2,池内賢市 | 浅川皓司,6,アスクビギンアゲン | ハピネスアゲン | バックアップアゲン | フォワードアゲン | フューチャーアゲン
prefix,アサ,77,4,手塚栄一 | 手塚静江 | 浅川吉男 | 浅沼禎夫,22,アサアール | アサカラキング | アサカラヴラヴ | アサガオ | アサガクル
prefix,アサカ,186,5,佐久間啓 | 佐久間有寿 | 協和牧場 | 浅川吉男 | 浅川昌彦,2,アサカラキング | アサカラヴラヴ
prefix,アサクサ,293,3,櫻井素子 | 田原慶子 | 田原源一郎,7,アサクサアダム | アサクサグレース | アサクサゲンキ | アサクサダイアナ | アサクサマイヒメ
prefix,アスカ,79,10,キャロットファーム | サンデーレーシング | シルクレーシング | ノルマンディーサラブレッドレーシング | ヒダカ・ブリーダーズ・ユニオン | 伊吹 | 友駿ホースクラブ | 吉田勝己 | 広尾レース | 社台レースホース,153,アスカセオン | アスカダイヤモンド | アスカノソング | アスカノツバサ | アスカノミライ
prefix,アスク,102,2,廣崎利洋 | 廣崎利洋HD,55,アスクアイルビゼア | アスクアットバット | アスクアメージモア | アスクアーバンシー | アスクイキゴミ
prefix,アスター,95,2,加藤久枝 | 加藤千豊,18,アスターエポワス | アスターエルビウム | アスターシッキム | アスターシャウルス | アスターチェンチ
prefix,アズマ,90,3,下田穰一郎 | 東哲次 | 東牧場,2,アズマサクラエモン | アズマヘリテージ
prefix,アドマイヤ,500,3,近藤利一 | 近藤旬子 | 近藤英子,41,アドマイヤアストラ | アドマイヤアリエル | アドマイヤアルバ | アドマイヤアーデル | アドマイヤイル
prefix,アポロ,214,2,アポロサラブレッドクラブ | 菅原太陽,23,アポロキラナ | アポロシュシュ | アポロスマイル | アポロセイラン | アポロダーウィン
prefix,アライ,87,6,アラキファーム | キャロットファーム | ゴドルフィン | サンデーレーシング | ノースヒルズマネジメント | 友駿ホースクラブ,60,アライアンスデイ | アライグマダッシュ | アライグマパンチ | アライバル | アライブテーラー
prefix,アルファ,126,2,貴悦 | 近藤勝安,20,アルファインディ | アルファウィンザー | アルファウェーブ | アルファウォーリア | アルファエッジ
prefix,イイデ,110,2,アールエスエーカントリ | 松本俊廣,8,イイデカンタロウ | イイデスカイハイ | イイデスカイボス | イイデスカイルル | イイデチャンプ
prefix,イシノ,117,4,アーネストクラブ | サンデー | 石井与一 | 石川コウ佐久,1,イシノビバーチェ
prefix,イブキ,401,1,伊吹,0,
prefix,インター,574,4,インターナシヨナルホース | 松岡正雄 | 松岡留枝 | 松岡雅昭,7,インターアーバン | インターシア | インターステラ | インターセプト | インターポーザー
prefix,ウィア,97,14,カナヤマホールディングス | キャロットファーム | グランド牧場 | ゴドルフィン | サンデーレーシング | シルクレーシング | ターフ・スポート | ヒダカ・ブリーダーズ・ユニオン | 了徳寺健二ホールディングス | 吉田勝己 | 岡田牧雄 | 社台レースホース | 臼田浩義 | 金子真人ホールディングス,126,ウィア | ウィアザピープル | ウィアステーラ | ウィウィルウィン | ウィキャン
prefix,ウイン,793,13,ウイン | キャロットファーム | サンデーレーシング | ヒダカ・ブリーダーズ・ユニオン | ホースマン | ミルファーム | 伊藤豊 | 加藤牧場 | 勝福 | 北野勝廣 | 友駿ホースクラブ | 岡田牧雄 | 社台レースホース,253,ウインアイオライト | ウインアイリーン | ウインアイルグロウ | ウインアウォード | ウインアキレウス
prefix,ウエスタン,463,4,ウエスタンファーム | 西川 | 西川幸男 | 西川賢,11,ウエスタンアダム | ウエスタンアミーゴ | ウエスタンオレンジ | ウエスタンカッター | ウエスタンクリス
prefix,ウォーター,294,2,山岡正人 | 山岡良一,36,ウォーターアイアイ | ウォーターアデル | ウォーターアレ | ウォーターエアリー | ウォーターエクラン
prefix,ウメノ,159,5,元梅照男 | 加賀章 | 梅崎敏則 | 梅野光恵 | 楳津繁,0,
prefix,エア,329,4,ラッキーフィールド | 友駿ホースクラブ | 吉原毎文 | 吉原貞敏,39,エアアネモイ | エアアルチーナ | エアアルマス | エアアレクサンドラ | エアイナーン
prefix,エイシン,1299,5,平井克彦 | 平井泰男 | 平井淑郎 | 平井豊光 | 栄進堂,272,エイシンアイヴィー | エイシンアザレア | エイシンアスター | エイシンアニーモ | エイシンアビス
prefix,エイユー,133,4,永井啓弍 | 笹部博邦 | 笹部和子 | 笹部義則,11,エイユーウォーリア | エイユーキュート | エイユークック | エイユーサクラ | エイユーサブリナ
prefix,エーアイ,103,4,キャロットファーム | 平井宏承 | 社台レースホース | 鶴巻道子,72,エーアイキリシマ | エーアイクワイ | エーアイダンサー | エーオ | エーオーキング
prefix,エーシン,288,2,平井宏承 | 栄進堂,0,
prefix,エーピー,170,2,デルマークラブ | 鶴巻道子,1,エーピーポエティス
prefix,エコロ,149,1,原村正紀,84,エコロアイ | エコロアジェンダ | エコロアゼル | エコロアテナ | エコロアビス
prefix,エビス,110,7,エビス | 加藤友三郎 | 加藤晃央 | 山本廣 | 岩本五郎 | 横市正文 | 菅原勝,1,エビスディアーナ
prefix,エプソム,236,1,ジャパン・ホースマン・クラブ,0,
prefix,エリモ,347,5,山本三津子 | 山本慎一 | 山本敏晴 | 山本菊一 | 岡本修,2,エリモグリッター | エリモシーサイド
prefix,オースミ,310,2,オースミ | 山路秀則,9,オースミカテドラル | オースミサイファー | オースミストロング | オースミプリンセス | オースミミライ
prefix,オート,89,3,大戸志浦 | 大戸時子 | 大戸秀次,3,オートカリテ | オートマティック | オートヴィル
prefix,オーミ,112,2,大西牧場 | 岩崎僖澄,7,オーミシンゲン | オーミステラータ | オーミチェリー | オーミテンペスト | オーミパルーザ
prefix,オギ,212,1,荻伏レーシング・クラブ,2,オギフシノチカイ | オギフシノネガイ
prefix,オメガ,124,2,原礼子 | 原禮子,31,オメガインペリアル | オメガウインク | オメガエクレール | オメガエリタージュ | オメガオリーブ
prefix,オンワード,549,5,オンワード牧場 | 樫山ハル | 樫山章子 | 樫山純三 | 樫山軌四夫,2,オンワードセルフ | オンワードマリー
prefix,カシノ,472,1,柏木務,61,カシノアイドル | カシノアップビート | カシノアミュレット | カシノアラート | カシノアルバ
prefix,カシマ,156,4,カシマ | 松浦一久 | 松浦安雄 | 鹿島直麿,6,カシマエスパーダ | カシマスウィープ | カシマテッコン | カシマブライトン | カシマライフウ
prefix,カネコメ,94,4,太田清 | 服部文男 | 畠山伊公子 | 金指利明,33,カネコメアサヒ | カネコメシスター | カネコメノボル | カネコメファミリー | カネコメブライト
prefix,カネトシ,199,3,兼松利男 | 兼松忠男 | 兼松昌男,21,カネトシアンカー | カネトシエテルノ | カネトシクラッチ | カネトシケッソク | カネトシゴウト
prefix,カフェ,110,3,西川光一 | 西川恭子 | 西川清,35,カフェアリス | カフェアローロ | カフェオリーブ | カフェカズショコラ | カフェカルマ
suffix,カフェ,115,3,西川光一 | 西川恭子 | 西川清,18,アルカディアカフェ | アロンジカフェ | アンジェラカフェ | イカロスカフェ | イージスカフェ
prefix,カフジ,78,2,加藤千豊 | 加藤守,24,カフジアスール | カフジアッサム | カフジウヴァ | カフジエニアゴン | カフジエメンタール
prefix,カミノ,282,7,保手浜弘規 | 宇賀神英子 | 小林一成 | 山本幸弘 | 村上正喜 | 野上勝也 | 野上政次,16,カミノアカネ | カミノアスール | カミノカガヤキ | カミノケンシン | カミノコ
prefix,カルストン,176,1,清水貞光,7,カルストンオリビア | カルストンデライト | カルストントラスト | カルストンドラマ | カルストンブランド
prefix,カレン,98,1,鈴木隆司,35,カレンアイバーソン | カレンアップラウゾ | カレンアルカンタラ | カレンウユ | カレンエクスカリバ
prefix,キー,178,6,サンデーレーシング | 北前孔一郎 | 北前正美 | 北前米子 | 社台レースホース | 高田喜嘉,55,キーウィル | キーウェーブ | キーオブハート | キーガッツ | キークラシック
prefix,キクノ,237,8,中臺恵二 | 佐々木幸子 | 佐々木秋芳 | 小原巖 | 田中伊三郎 | 菊池五郎 | 菊農高幹 | 高村貴久雄,14,キクノアーデント | キクノキング | キクノクライフ | キクノサヴィ | キクノジョワイユ
prefix,キシュウ,107,2,木村善一 | 木村昌三,1,キシュウサラトイロ
prefix,キタサン,206,1,大野商事,29,キタサンエトワール | キタサンエポナ | キタサンエルピス | キタサンガイセン | キタサンクリーガー
prefix,キタノ,267,8,ジャパンフードビジネス | 三恵サービス | 伊藤昭次 | 北所直人 | 北林正巳 | 木村牧場 | 河内孝夫 | 高山幸雄,137,キタノアイザック | キタノアイヴォリー | キタノアゲイン | キタノアベル | キタノアマポーラ
prefix,キョウエイ,532,4,インターナシヨナルホース | 松岡正雄 | 松岡留枝 | 田中晴夫,44,キョウエイアラジン | キョウエイアンバー | キョウエイアート | キョウエイウインド | キョウエイオビエド
prefix,キョウワ,278,4,協和牧場 | 林順子 | 浅川吉男 | 浅川昌彦,7,キョウワウォール | キョウワグロリア | キョウワスピネル | キョウワセイヴァー | キョウワニケ
prefix,クインズ,144,4,クイーンズ・ランチ | ケイアイスタリオン | 亀田和弘 | 嶋田賢,50,クインズアトリア | クインズアルテミス | クインズイザナミ | クインズエクレア | クインズエルサ
prefix,クール,130,5,ヒダカ・ブリーダーズ・ユニオン | 久木田隆 | 川上哲司 | 林進 | 社台レースホース,49,クールアイ | クールカグラ | クールガジェット | クールキャンドウ | クールギブス
prefix,クラウン,184,7,クラウン | 名古屋友豊 | 和田志保 | 矢野まり子 | 矢野恭裕 | 矢野悦三 | 矢野雅子,48,クラウンアバンティ | クラウンアラビアン | クラウンアールシー | クラウンインジエア | クラウンウルル
prefix,グラス,212,3,伊東純一 | 半沢 | 浜口季彦,31,グラスアラバニーユ | グラスアロー | グラスクアドラ | グラスグリード | グラスコメット
prefix,グランド,149,8,グランド牧場 | ミホノインターナショナル | 林千枝子 | 林進 | 田畑利彦 | 社台レースホース | 高木敏盛 | 鶴本貢,32,グランドアルナイル | グランドエスケープ | グランドオーパス | グランドカリナン | グランドクォーツ
prefix,グリーン,196,7,グリーンファーム | 冷水瀧之助 | 北村キヨ子 | 半沢 | 名古屋競馬 | 岡田勇 | 西村專次,17,グリーンアンシェル | グリーンウォレス | グリーンエナジー | グリーンエリクサー | グリーンエンプレス
prefix,クリノ,603,5,栗山博 | 栗本依利子 | 栗本博晴 | 栗本守 | 栗林英雄,156,クリノアイオライト | クリノアイリス | クリノアカツキ | クリノアクアマリン | クリノアグレッシブ
prefix,クレバー,79,5,ウエスタンファーム | 小幡シサ | 岡崎牧場 | 本間充 | 田邉正明,5,クレバーキュート | クレバーテースト | クレバーナイト | クレバーバード | クレバーピコ
prefix,ケイアイ,393,5,ケイアイスタリオン | ケイアイホース | 亀田和弘 | 亀田守弘 | 啓愛義肢材料販売所,39,ケイアイアギト | ケイアイアニラ | ケイアイアマゾン | ケイアイアルタイル | ケイアイアンタレス
prefix,ケイエス,95,3,キヨシサービス | 重藤正己 | 高田喜嘉,0,
prefix,ケイツー,82,1,楠本勝美,23,ケイツーキップ | ケイツーギルダー | ケイツークルサード | ケイツークローン | ケイツーコルーニ
prefix,ゲイリー,163,6,中村浩章 | 増川菊子 | 杉田茂清 | 東京サラブレッドビューロー | 芳賀満男 | 西谷守博,0,
prefix,ケージー,121,2,丸山隆雄 | 川井五郎,0,
prefix,ケン,142,8,ケンブリッジバレー | 中西健 | 中西健造 | 中西宏彰 | 中西桂子 | 友駿ホースクラブ | 谷口貞保 | 長山善建,57,ケンアトラス | ケンアンビシャス | ケンイーサリアム | ケンエージェント | ケンオスロ
prefix,コアレス,150,2,小林昌志 | 黒崎昇,1,コアレスロング
prefix,コウエイ,154,3,伊東政清 | 柴崎十四一 | 西岡静男,8,コウエイアンカ | コウエイキズナ | コウエイスパークル | コウエイスーシェフ | コウエイダイチ
prefix,コウチ,81,2,細谷よしの | 細谷武男,0,
prefix,コウユー,90,2,加治屋康雄 | 加治屋貞光,21,コウユーアツイキミ | コウユーウィズユー | コウユーオモイノセ | コウユーカメサンヨ | コウユーダイダイ
prefix,コクサイ,91,4,国際ターフ倶楽部 | 芦部博子 | 芦部政道 | 鮫川三千男,1,コクサイルビー
prefix,コスモ,1241,9,コスモ・コスモ | ビッグレッドファーム | ブルースターズファーム | 仲田堯教 | 加藤泰章 | 岡田繁幸 | 岡田美佐子 | 望月篤 | 鈴木芳夫,181,コスモアイトーン | コスモアイビー | コスモアシュラ | コスモアチーブ | コスモアディラート
prefix,ゴッド,75,2,中西上央 | 中西憲治,30,ゴッドアイ | ゴッドアマベル | ゴッドアミーラ | ゴッドインパルス | ゴッドエスパーダ
prefix,コパノ,207,3,小林照弘 | 小林祐介 | 小林祥晃,67,コパノアダムス | コパノアトランタ | コパノアマンダ | コパノアルベール | コパノアンソニー
prefix,サウンド,152,1,増田雄一,50,サウンドアルジュナ | サウンドアレグリア | サウンドアンフィニ | サウンドイヴォーク | サウンドウイッシュ
prefix,サクラ,919,6,さくらコマース | 全尚烈 | 全演植 | 森恭彦 | 田頭勇貴 | 谷岡牧場,71,サクラJ | サクラアザレア | サクラアドリア | サクラアリュール | サクライズ
prefix,サチノ,79,3,佐藤幸彦 | 日進牧場 | 笹地牧場,3,サチノブーケ | サチノマーシー | サチノメグミ
prefix,サトノ,450,3,サトミホースカンパニー | 里見治 | 里見治紀,140,サトノアイ | サトノアイオライト | サトノアイボリー | サトノアインス | サトノアグード
prefix,サンエム,125,4,村上稔 | 松本ヒデ子 | 松本昭二 | 松本肇,0,
prefix,サンマル,162,1,相馬勇,33,サンマルウォーリア | サンマルエポック | サンマルエレガンス | サンマルエンパイア | サンマルカーラ
prefix,サンライズ,348,4,ライフハウス | 松岡 | 松岡重雄 | 松岡隆雄,85,サンライズアクター | サンライズアザール | サンライズアップ | サンライズアトム | サンライズアムール
prefix,サンライト,87,3,北川勉 | 松本博一 | 酒井祐三,1,サンライトムゲン
prefix,ジーティー,116,2,グリーンテック | 田畑利彦,91,ジーティーアイル | ジーティーアグリム | ジーティーアダマン | ジーティーアツモリ | ジーティーアムール
prefix,ジェイケイ,76,1,小谷野次郎,12,ジェイケイウルル | ジェイケイクロード | ジェイケイタルマエ | ジェイケイティアラ | ジェイケイヒロイン
prefix,シゲル,970,4,ブルアンドベア | 森中啓子 | 森中蕃 | 關美和,49,シゲルアレグリア | シゲルイワイザケ | シゲルオテンバ | シゲルオトコギ | シゲルオトヒメ
suffix,シチー,1540,1,友駿ホースクラブ,36,アルディートシチー | アルマーレシチー | アレグリアシチー | アンプレッセシチー | インテンスシチー
prefix,シマノ,143,1,嶋倉久榮,1,シマノダイヤモンド
prefix,シャイニー,87,1,小林昌志,27,シャイニーアイドル | シャイニーオーロ | シャイニーカラーズ | シャイニークイーン | シャイニーゲール
prefix,シャコー,99,2,グレイドレーシング組合 | シャコー,0,
prefix,シャドウ,101,1,飯塚知一,21,シャドウアイル | シャドウアルテミス | シャドウエリス | シャドウキャッスル | シャドウクライ
prefix,ジューン,83,1,吉川潤,47,ジューンアカデミー | ジューンアゲイン | ジューンアマデウス | ジューンアルテミス | ジューンアレグロ
prefix,ジュン,106,2,河合純二 | 河合裕明,54,ジュンアサヒソラ | ジュンアベリアシノ | ジュンインパルス | ジュンウィンダム | ジュンオルレアン
prefix,ショウナン,527,4,佐藤明 | 国本哲秀 | 国本好子 | 湘南,93,ショウナンアイバ | ショウナンアウラ | ショウナンアウリイ | ショウナンアキドン | ショウナンアキーム
prefix,ジョウノ,86,1,小川義勝,0,
prefix,ジョー,312,2,上田けい子 | 上田江吏子,42,ジョーアラビカ | ジョーアラモード | ジョーイルムシュ | ジョーインテビット | ジョーエスポワール
suffix,ジョー,91,1,河内孝夫,17,アルプスオジョー | オモカゲジョー | キングノジョー | クロジシジョー | ケンジョー
prefix,シルキー,135,3,シルク | シルクレーシング | 林進,3,シルキーガール | シルキーグリーン | シルキーヴォイス
prefix,シルク,873,6,シルク | シルクレーシング | 中山信一 | 中山信博 | 阿部善男 | 阿部幸暉,2,シルクディヴェール | シルクニードル
suffix,シロー,267,3,西山正行 | 西山牧場 | 西山真美子,0,
prefix,シロキ,98,1,小西勇,0,
prefix,シロキタ,107,2,小西勇 | 小西和子,0,
prefix,シンコウ,110,4,中西イク夫 | 安田修 | 林幸雄 | 西谷義信,1,シンコウサクラサク
prefix,シンボリ,271,2,サウスニア | シンボリ牧場,6,シンボリタイプ | シンボリックレルム | シンボリノエル | シンボリビーノ | シンボリフラッシュ
suffix,シンボリ,82,2,シンボリ牧場 | 和田共弘,0,
prefix,スイート,349,6,キャロットファーム | シンボリ牧場 | ミルファーム | 和田共弘 | 和田啓子 | 谷田元彦,18,スイートアマレット | スイートゥンビター | スイートウィル | スイートエデン | スイートオレンジ
prefix,スカイ,100,10,シルクレーシング | スカイツリーレーシング | ヒダカ・ブリーダーズ・ユニオン | 小島俊治 | 小林久義 | 李俊満 | 江賦晨 | 海野勝男 | 社台レースホース | 金成吉田牧場,57,スカイアクセル | スカイアクロス | スカイイズユアーズ | スカイインパルス | スカイウィンザー
prefix,スガノ,106,6,菅原元秀 | 菅原光博 | 菅原光太郎 | 菅原富美子 | 菅野久三郎 | 菅野多美子,0,
prefix,スギノ,136,7,下村健造 | 杉山忠国 | 杉山美惠 | 杉山茂夫 | 杉木邦彦 | 杉江義夫 | 杉浦宗一郎,7,スギノグローアップ | スギノダイナミック | スギノバベル | スギノプリンセス | スギノペガサス
prefix,スズ,429,11,サン・ファーム | スズ | 小紫嘉之 | 小紫惠美子 | 小紫芳夫 | 森達郎 | 永井昌良 | 鈴木与四郎 | 鈴木俊作 | 鈴木武二 | 阿部雅子,46,スズアンジー | スズオリーブ | スズカキング | スズカコテキタイ | スズカコーズ
prefix,スズカ,461,7,今井八重子 | 小紫芳夫 | 永井商事 | 永井啓弍 | 永井宏明 | 永井康郎 | 永井永一,24,スズカキング | スズカコテキタイ | スズカコーズ | スズカゴウケツ | スズカゴーディー
suffix,スズカ,94,1,永井啓弍,0,
prefix,スズノ,140,6,小紫嘉之 | 小紫惠美子 | 小紫芳夫 | 新木鈴子 | 鈴木俊作 | 阿部雅子,15,スズノアイスマン | スズノアムール | スズノアリマール | スズノイナズマ | スズノグレイス
prefix,スター,126,15,キャロットファーム | ゴールドレーシング | サンデーレーシング | シルクレーシング | ジョイ・レースホース | ヒダカ・ブリーダーズ・ユニオン | ホースマン | 友駿ホースクラブ | 吉田勝己 | 吉田照哉 | 岡田牧雄 | 田頭勇貴 | 社台レースホース | 門野重雄 | 高橋一恵,124,スターアイズ | スターアイセーラ | スターアイランド | スターアスコット | スターアドミラル
prefix,ストロング,89,4,新木正夫 | 新木鈴子 | 村木篤 | 熊坂富寿雄,13,ストロングアイ | ストロングウィル | ストロングエース | ストロングカレント | ストロングジェット
prefix,スナーク,249,3,杉本仙次郎 | 杉本豊 | 架谷外茂次,18,スナークオーロラ | スナークサファイア | スナークサンダー | スナークシャラク | スナークシュンソウ
prefix,スピード,142,4,スピードファーム | 佐藤和子 | 市川不動産 | 市川幸助,8,スピードイエロー | スピードオブライト | スピードスター | スピードスターミ | スピードソルジャー
prefix,スプリング,205,3,加藤春夫 | 吉田照哉 | 社台レースホース,10,スプリングカム | スプリングデイ | スプリングドリーム | スプリングネージュ | スプリングノヴァ
prefix,スマート,373,4,グランド牧場 | トニー倶楽部 | 大川徹 | 岡田牧雄,115,スマートアイ | スマートアクシオン | スマートアシェル | スマートアマレット | スマートアメトリン
prefix,スリー,440,2,永井商事 | 永井昌良,46,スリーアイランド | スリーウエーブ | スリーエクスプレス | スリーエクセレント | スリーオウギ
prefix,セイ,113,9,キャロットファーム | ヒダカ・ブリーダーズ・ユニオン | ミルファーム | 友駿ホースクラブ | 吉田勝己 | 木村秀規 | 社台レースホース | 角田哲男 | 金田成基,153,セイイーグル | セイウォリアー | セイウンアインス | セイウンアズール | セイウンアーテル
prefix,セイウン,297,5,成田隆好 | 西山正行 | 西山牧場 | 西山茂行 | 角田哲男,61,セイウンアインス | セイウンアズール | セイウンアーテル | セイウンウィズミー | セイウンエンプレス
prefix,セイカ,132,2,久米大 | 久米誠,13,セイカアビイロード | セイカアーナンダイ | セイカエイレーネー | セイカスサノオ | セイカティターニア
prefix,ゼット,82,2,フォーレスト | 林儀信,21,ゼットエイト | ゼットエール | ゼットカレン | ゼットクイン | ゼットサンダー
prefix,セト,95,2,難波澄子 | 難波経雄,1,セトノダイヤモンド
prefix,セノエ,85,1,一條市郎,0,
prefix,セフティ,126,1,池田實,0,
prefix,セルリアン,77,1,イクタ,8,セルリアンゲーゲン | セルリアンコバルト | セルリアンジャガー | セルリアンドロップ | セルリアンミナギル
prefix,センター,250,2,中野優 | 水上行雄,4,センターアイランド | センターコーク | センタースリール | センタービット
prefix,セント,365,7,友駿ホースクラブ | 大宮国際 | 杉谷枡夫 | 西山正行 | 西山牧場 | 西山茂行 | 鋤元節夫,21,セントアイヴス | セントアイヴスベイ | セントイライアス | セントオブシン | セントオブメイ
prefix,ゼンノ,188,2,大迫久美子 | 大迫忍,16,ゼンノアマテラス | ゼンノインヴォーク | ゼンノエヴェック | ゼンノクレバー | ゼンノグリッター
suffix,テソーロ,345,2,了徳寺健二 | 了徳寺健二ホールディングス,166,アイオロステソーロ | アイガーテソーロ | アウリガテソーロ | アカポネタテソーロ | アスキステソーロ
prefix,ダービー,158,4,ダービー社 | 東京軽種馬 | 松尾博隆 | 荒木一平太,0,
prefix,ターフ,91,1,ターフ・スポート,2,ターフインワン | ターフクリスタル
suffix,ターフ,117,2,ターフ・スポート | 佐藤重治,2,サトノスカイターフ | ホワイトターフ
prefix,ダイイチ,166,2,上田光子 | 辻本春雄,0,
prefix,タイキ,485,2,名鯛興業 | 大樹ファーム,36,タイキアベンチュラ | タイキアロハ | タイキインドラ | タイキウルトラ | タイキエクセロン
prefix,ダイゴ,100,6,川井五郎 | 竹村万里子 | 竹村正一 | 竹村眞枝 | 金田至弘 | 長谷川光司,5,ダイゴショウリュウ | ダイゴシンリュウ | ダイゴセイリュウ | ダイゴホマレリュウ | ダイゴリュウジン
prefix,ダイシン,118,3,大八木信行 | 大八木秀子 | 高橋金次,25,ダイシンアキラ | ダイシンアポロン | ダイシンアレス | ダイシンウィット | ダイシンオリーブ
prefix,タイセイ,405,3,田中成奉 | 高浦正雄 | 高浦清,132,タイセイアキュート | タイセイアゲイン | タイセイアストロ | タイセイアズーロ | タイセイアダマス
prefix,ダイタク,153,4,中村和子 | 中村雅一 | 太陽ファーム | 小林昌志,1,ダイタクロノス
prefix,ダイナ,387,3,吉田照哉 | 日本ダイナースクラブ | 社台レースホース,10,ダイナスティシチー | ダイナソーコー | ダイナマイク | ダイナマイトガンモ | ダイナマイトブル
suffix,ダイナ,95,1,社台レースホース,1,オーケーダイナ
prefix,ダイメイ,81,2,宮本孝一 | 宮本昇,24,ダイメイアイ | ダイメイイチョウ | ダイメイイースター | ダイメイオトヒメ | ダイメイクマモト
prefix,ダイワ,737,5,ダイワ | 大和商事 | 大城敬三 | 大城正一 | 田中清,1,ダイワミラクル
prefix,タカイチ,87,6,森伊三男 | 高昭牧場 | 高木秀男 | 高木競走馬育成牧場 | 高木高彦 | 高橋勉,42,タカイチアスコット | タカイチアメリカン | タカイチイチロウ | タカイチカレン | タカイチキズナ
prefix,タガノ,683,4,八木一雄 | 八木昌司 | 八木秀之 | 八木良司,96,タガノアイゼン | タガノアウル | タガノアキレア | タガノアニマシオン | タガノアバンドーネ
prefix,タカラ,118,5,原田さち子 | 宝夢 | 村山りょう一 | 村山義男 | 村山輝雄,10,タカラアーサー | タカラエイティ | タカラクロロック | タカラチーター | タカラネイビー
prefix,タケデン,194,3,武市伝一 | 武市弘 | 武市進吾,1,タケデンプリンセス
prefix,タケノ,122,9,大沢良丈 | 大沢静枝 | 大竹浩 | 武井忠徳 | 武岡嘉一 | 武岡大佶 | 武岡敏夫 | 武岡雅子 | 竹原孝昭,20,タケノイタダキ | タケノエイコウ | タケノエビス | タケノオーカン | タケノガマダス
prefix,タニノ,398,4,カントリー牧場 | 大谷富士夫 | 谷水初子 | 谷水雄三,2,タニノシェクハンド | タニノタビト
prefix,ダノン,396,1,ダノックス,133,ダノンアクション | ダノンアスコルティ | ダノンアトラス | ダノンアルプス | ダノンアルム
prefix,タマ,111,5,小玉洋子 | 小玉知己 | 玉井政夫 | 玉井鶴枝 | 飯島和吉,86,タマエスポワール | タマカヅラ | タマコイファルコン | タマコロリン | タマゴ
prefix,タマモ,586,3,タマモ | 三野道夫 | 大社義規,70,タマモアオゾラ | タマモアマルフィ | タマモアルタイル | タマモイカロス | タマモイットウセイ
prefix,タヤス,253,4,中村篤 | 横瀬俊三 | 横瀬兼二 | 横瀬寛一,5,タヤスアメリカン | タヤスゴールド | タヤスソーレ | タヤスロレンヌ | タヤスロンドン
prefix,ダンツ,382,2,山元タキ | 山元哲二,29,ダンツアトム | ダンツアバロン | ダンツアラーム | ダンツイノーバ | ダンツウルス
prefix,チアズ,131,1,北村キヨ子,0,
prefix,チェリー,162,5,チエリー商事 | ヒダカ・ブリーダーズ・ユニオン | 八木國啓 | 櫻井倶楽部 | 櫻井悦朗,21,チェリーアトラス | チェリーウラノス | チェリーエスポワ | チェリーオリオン | チェリーシンガー
prefix,チョウ,80,1,丸山隆雄,25,チョウウマクイク | チョウカンセイ | チョウガンバレ | チョウギャル | チョウゲンキ
prefix,ツクバ,95,4,久松金一 | 細谷昭夫 | 細谷武史 | 荻原昭二,10,ツクバアプローズ | ツクバアヴァロン | ツクバキセキ | ツクバクロオー | ツクバスマイリー
prefix,ツジノ,89,2,辻俊夫 | 辻本正男,0,
prefix,ツルマル,125,2,鶴田任男 | 鶴田鈴子,10,ツルマルオーソ | ツルマルクックー | ツルマルケンタッキ | ツルマルゲッコー | ツルマルタイヨー
prefix,ディア,160,7,キャロットファーム | サンデーレーシング | ディアレスト | ディアレストクラブ | ライオンレースホース | 寺田千代乃 | 高樽さゆり,43,ディアアズール | ディアアリーチェ | ディアイライザ | ディアウス | ディアギレフ
prefix,ディー,103,4,サンデーレーシング | ノースヒルズ | 勝又久一郎 | 秋谷壽之,69,ディーエスエンスー | ディーエスエール | ディーエスショウマ | ディーエスソフィア | ディーエストッキー
prefix,テイエム,1076,2,寺内正光 | 竹園正繼,121,テイエムアイラン | テイエムアタック | テイエムアトム | テイエムアトラス | テイエムアルプス
prefix,テーオー,208,1,小笹公也,95,テーオーアマゾン | テーオーアラジン | テーオーアリエス | テーオーアルアイン | テーオーアンジェラ
prefix,テルノ,88,3,中村照彦 | 東豊物産 | 高橋照夫,0,
prefix,デルマ,484,1,浅沼廣幸,100,デルマアサマ | デルマアシュラ | デルマアズラエル | デルマアソ | デルマアビセタオシ
prefix,デンコウ,101,1,田中康弘,4,デンコウセッカ | デンコウハピネス | デンコウメジャー | デンコウリジエール
prefix,テンザン,124,3,小山田兼敏 | 平野三郎 | 平野澄江,3,テンザンバレリーナ | テンザンパパ | テンザンペレ
prefix,トウカイ,471,2,内村正則 | 高橋義和,21,トウカイイグニス | トウカイエトワール | トウカイエルデ | トウカイオルデン | トウカイカグラ
prefix,ドウカン,159,2,新井操 | 新井興業,0,
prefix,トウケイ,100,1,木村信彦,3,トウケイカッタロー | トウケイタンホイザ | トウケイチョウテン
prefix,トウショウ,345,2,トウショウ産業 | 藤田衛成,1,トウショウクラウド
suffix,トウショウ,345,3,トウショウ産業 | 藤田正明 | 藤田衛成,5,サドルトウショウ | シャトルトウショウ | ソシエテトウショウ | ドライヴトウショウ | ヴァイストウショウ
prefix,トーア,307,4,伊藤昭二 | 東亜駿馬 | 高山ランド | 高山澄子,30,トーアアイギス | トーアアグネス | トーアアネラ | トーアウィリアム | トーアエデン
prefix,トーセン,772,2,島川利子 | 島川隆哉,89,トーセンアウローラ | トーセンアシュリー | トーセンアデレード | トーセンアナベル | トーセンアマンダ
prefix,トーホウ,323,1,東豊物産,23,トーホウエンジェル | トーホウガレオン | トーホウキザン | トーホウグランツ | トーホウグロリアス
prefix,トーヨー,107,2,トーヨークラブ | 中嶋宏,0,
prefix,トーワ,168,3,井山健一 | 斉藤一郎 | 齋藤すゞ,0,
prefix,トキノ,77,7,中野正則 | 富田輝次 | 岡田勇 | 新井興業 | 渡辺典六 | 田中久續 | 田中準市,18,トキノカサドール | トキノカンピオーネ | トキノキングダム | トキノケリー | トキノゴールド
prefix,トシ,118,4,上村利幸 | 上村叶 | 上村孝輝 | 松田敏雄,4,トシギャングスター | トシッキー | トシッキーセカンド | トシミチ
prefix,トップ,199,12,コオロ | サンデーレーシング | ジョイ・レースホース | ヒダカ・ブリーダーズ・ユニオン | 中村勝男 | 友駿ホースクラブ | 大崎浩一 | 大関 | 宮内牧場 | 横瀬兼二 | 猪野毛雅人 | 紅露純,42,トップアタック | トップアメリカン | トップウイナー | トップエアデール | トップエリア
prefix,トミケン,150,5,トミケン | 佐野信幸 | 冨樫賢二 | 富岡博 | 富樫アキ子,7,トミケンアラバール | トミケンエンデレア | トミケンシャイリ | トミケンプラセール | トミケンプロズバ
prefix,ドラゴン,124,4,ビッグ | 田頭勇貴 | 窪田康志 | 窪田芳郎,17,ドラゴンウィッシュ | ドラゴンウェルズ | ドラゴンガール | ドラゴンキッド | ドラゴングライダー
prefix,トラスト,86,3,菅波滿 | 菅波立知子 | 菅波雅巳,16,トラストエムシー | トラストガーベラ | トラストキンタロウ | トラストギャロップ | トラストケンシン
prefix,ドリーム,152,11,サンデーレーシング | セゾンレースホース | ドリームターフ組合 | ヒダカ・ブリーダーズ・ユニオン | ライオンレースホース | 堀口晴男 | 大栄牧場 | 宮本進 | 社台レースホース | 青山洋一 | 飯田正剛,45,ドリームアイ | ドリームアゲイン | ドリームアンコール | ドリームウィーバー | ドリームウォリアー
prefix,ナスノ,101,1,那須野牧場,3,ナスノカンゲツ | ナスノコウラン | ナスノソナタ
prefix,ナムラ,737,3,ディアレスト | 奈村信重 | 奈村睦弘,110,ナムラアイアイサー | ナムラアダム | ナムラアトム | ナムラアニカ | ナムラアラシ
prefix,ナリタ,348,2,オースミ | 山路秀則,21,ナリタアワユキ | ナリタアンビション | ナリタアーマー | ナリタイチモンジ | ナリタウルフ
prefix,ナンヨー,130,1,中村徳也,21,ナンヨーアイボリー | ナンヨーアゼリア | ナンヨーアミーコ | ナンヨーイザヨイ | ナンヨーウイング
prefix,ニシノ,1287,8,成田隆好 | 西山正行 | 西山牧場 | 西山茂行 | 西島清 | 西庄司 | 西村亮二 | 西野正雄,206,ニシノアイオーン | ニシノアウェイク | ニシノアクシス | ニシノアナ | ニシノアヤカゼ
prefix,ニッポー,130,2,エヌ・アール・ユー | 山石祐一,0,
prefix,ニホンピロ,501,4,小林保 | 小林保一 | 小林百太郎 | 小林英一,43,ニホンピロアリー | ニホンピロアレイ | ニホンピロエール | ニホンピロオーセン | ニホンピロカスター
prefix,ネオ,124,6,キャロットファーム | サンデーレーシング | 小林仁幸 | 市岡光顯 | 朝井憲一 | 西田俊二,42,ネオアカジョウ | ネオアステーリ | ネオアスペクト | ネオアビー | ネオアマゾネス
prefix,ノア,94,2,佐山公男 | 杉元四男,27,ノアアジレ | ノアサンサン | ノアシルヴィ | ノアシーザリオ | ノアジーニアス
prefix,ノース,78,8,グランド牧場 | 北島弥五郎 | 北村実地子 | 吉澤克己 | 大原詔宏 | 岡本征之 | 社台レースホース | 飛野牧場,22,ノースカトレア | ノースグロリア | ノースサイド | ノースザワールド | ノースショアガール
prefix,ノーブル,163,8,キャロットファーム | ターフ・スポート | ヒダカ・ブリーダーズ・ユニオン | 中村浩章 | 吉木伸彦 | 横山秀男 | 熊田晋作 | 社台レースホース,78,ノーブルアイガー | ノーブルアイランド | ノーブルアイル | ノーブルアクト | ノーブルアスール
prefix,ノボ,118,3,LS.M | 池ばた | 矢野琢也,20,ノボインパクト | ノボグリーンアップ | ノボコッチャン | ノボザドリーム | ノボシュンシュン
prefix,ハーバー,124,1,ハーバー,4,ハーバードスクエア | ハーバービュー | ハーバーフロント | ハーバーライト
prefix,パープル,86,5,中野銀十 | 八百板俊一郎 | 木村牧場 | 松岡隆雄 | 臼田浩義,22,パープルアドミラル | パープルウインド | パープルガーネット | パープルクラウド | パープルグローリー
suffix,バイオ,173,2,バイオ | 竹田寿,27,アクセルインバイオ | アラモードバイオ | アルテミスバイオ | ウインドインバイオ | エキサイトバイオ
prefix,ハギノ,297,4,安岡美津子 | 日隈広吉 | 日隈良江 | 長尾儀広,22,ハギノアグレッシブ | ハギノアトラス | ハギノアネラ | ハギノアルデバラン | ハギノアレグリアス
prefix,ハクサン,157,5,不破勝 | 不破孝一 | 不破義勝 | 河崎五市 | 篠崎恒雄,64,ハクサンアイ | ハクサンアイリス | ハクサンアップル | ハクサンアマゾネス | ハクサンアルタイル
prefix,ハセノ,97,2,長谷川文夫 | 長谷川泰一,6,ハセノエクスプレス | ハセノガイセン | ハセノクラウン | ハセノパイロ | ハセノビーバー
prefix,バトル,235,1,宮川秋信,16,バトルアックス | バトルエンジェル | バトルオサンナ | バトルキャット | バトルクライ
prefix,ハマノ,86,5,ホースタジマ | 浜井弘至 | 浜島次男 | 田島榮二郎 | 若浜三郎,2,ハマノキョウケン | ハマノヒカリ
prefix,ハヤテ,128,2,加藤豊三 | 川部宏,5,ハヤテノオジョー | ハヤテノコフク | ハヤテノシンノスケ | ハヤテノツバサ | ハヤテノフクノスケ
suffix,バローズ,298,1,猪熊広次,120,アイアンバローズ | アイザックバローズ | アイリスバローズ | アイルトンバローズ | アデルバローズ
prefix,バンダム,126,3,バンダムカンパニー | 山科直治 | 山科統,2,バンダムアゲイン | バンダムソレール
prefix,バンブー,256,2,バンブー牧場 | 竹田辰一,1,バンブーグローブ
suffix,バンブー,167,2,バンブー牧場 | 竹田辰一,8,アンダーザバンブー | エクメディバンブー | カレンバンブー | コンチバンブー | サンドバンブー
prefix,ビービー,121,2,坂東勝彦 | 坂東牧場,42,ビービーアクティブ | ビービーアジャイル | ビービーアリオン | ビービーアルカイコ | ビービーエフォート
prefix,ピエナ,93,1,本谷兼三,23,ピエナアイル | ピエナイオス | ピエナオルカ | ピエナオルフェ | ピエナカイト
prefix,ヒカリ,158,3,ひかり | ヒカリクラブ | 當山隆則,5,ヒカリイロノツバサ | ヒカリオーソ | ヒカリガサスホウヘ | ヒカリスペクトル | ヒカリノアメ
prefix,ヒカル,199,6,テイトレーシングクラブ | 中脇満 | 安蒜一修 | 服部文男 | 高橋京子 | 高橋光,8,ヒカルエリザベス | ヒカルノキミ | ヒカルノナギー | ヒカルノマッキー | ヒカルファルコン
prefix,ビコー,80,1,レジェンド,1,ビコーズウイキャン
prefix,ピサ,122,1,市川義美,1,ピサラクー
prefix,ピサノ,124,2,市川義美 | 市川義美ホールディングス,0,
prefix,ヒシ,352,3,HishiPartners | 阿部雅一郎 | 阿部雅英,16,ヒシアイラ | ヒシアマレット | ヒシアマン | ヒシアムルーズ | ヒシアラカン
prefix,ビゼン,79,3,ひるせん | 中澤幸幹 | 藤田正蔵,0,
prefix,ビッグ,175,10,ビッグ | ビッグルーフレーシング | 中辻明 | 吉田千津 | 坪野谷和平 | 小林昌志 | 幅田昌伸 | 西村新一郎 | 関駿也 | 高田久成,62,ビッグアメリカン | ビッグアンサー | ビッグウィリー | ビッグウェーブ | ビッグカレンルーフ
prefix,ビップ,97,1,鈴木邦英,40,ビップアクア | ビップアリエル | ビップアリス | ビップウインク | ビップクララ
prefix,ヒミノ,89,2,佐々木八郎 | 森越林太郎,3,ヒミノイチシロ | ヒミノエトワール | ヒミノフラッシュ
prefix,ヒルノ,94,2,ヒルノ | 蛭川正文,27,ヒルノアローザ | ヒルノアントラ | ヒルノエドワード | ヒルノエルニド | ヒルノオークランド
prefix,ヒロノ,136,9,サンエイ開発 | 伊藤博 | 伊藤裕子 | 小野博郷 | 山内広 | 廣嶋景子 | 廣嶋誠二 | 西村博 | 高原将浩,20,ヒロノエクスカリバ | ヒロノオオゾラ | ヒロノカッター | ヒロノキラメキ | ヒロノギフテッド
prefix,ファイン,101,9,ゴドルフィン | 井山登 | 吉田修 | 吉田孝 | 吉田宏 | 大原詔宏 | 服部三男 | 片山博志 | 飯田正剛,24,ファインイユー | ファインウーマン | ファインキック | ファインギフト | ファイングロー
prefix,ファンドリ,148,1,水戸富雄,0,
prefix,フィールド,108,1,地田勝三,10,フィールドアピール | フィールドカーン | フィールドクィーン | フィールドグーフィ | フィールドゲラン
suffix,フォンテン,145,2,吉橋興生 | 吉橋計,15,カジノフォンテン | グリンフォンテン | コビナイフォンテン | コロラドフォンテン | シカゴフォンテン
prefix,フクノ,80,5,佐藤範夫 | 小沼博 | 服部新平 | 福島実 | 福島祐子,25,フクノアルズ | フクノアンタレス | フクノエルデ | フクノエヴリー | フクノカトレア
prefix,フサイチ,171,2,岡田牧雄 | 関口房朗,0,
prefix,フジノ,279,14,インペリアル | 中村寛俊 | 大橋清助 | 富士開発 | 小尾洸 | 熊坂富寿雄 | 藤井一雄 | 藤井五三 | 藤井農牧場 | 藤本照男 | 藤沢和徳 | 藤田寅雄 | 藤谷一雄 | 西村幸造,3,フジノアルファ | フジノカナリア | フジノパンサー
prefix,フジヤマ,87,2,藤本美也子 | 藤本龍也,1,フジヤマブシ
prefix,フミノ,200,3,菅野善文 | 谷三 | 谷二,0,
prefix,ブライティア,123,1,小林昌志,11,ブライティアアンナ | ブライティアコバ | ブライティアセルバ | ブライティアダイヤ | ブライティアビーム
prefix,ブラック,84,13,HimRockRacingホールディングス | サンデーレーシング | ターフ・スポート | 三宅勝俊 | 吉田勝己 | 吉田和美 | 杉山忠国 | 田頭勇貴 | 社台レースホース | 金子真人ホールディングス | 高昭牧場 | 黒岩晴男 | 黒澤尚,95,ブラックアイロン | ブラックアウト | ブラックアスラーダ | ブラックアダマス | ブラックアピス
prefix,ブランド,302,5,大宮国際 | 榎本富三 | 西山正行 | 西山牧場 | 西山茂行,1,ブランドブラン
prefix,ブル,79,10,HimRockRacingホールディングス | キャロットファーム | サンデーレーシング | ノースヒルズ | 友駿ホースクラブ | 吉田勝己 | 桜井欣吾 | 田中達子 | 社台レースホース | 高田秀信,170,ブルアモーレ | ブルクトーア | ブルクラシコ | ブルグミューラー | ブルゴーニュ
prefix,ブルベア,89,2,ブルアンドベア | 森中蕃,8,ブルベアイリーデ | ブルベアカイリ | ブルベアガロン | ブルベアナノ | ブルベアハロン
prefix,ペイシャ,201,1,北所直人,70,ペイシャアゲイン | ペイシャアップ | ペイシャアル | ペイシャアンジェロ | ペイシャアーサー
prefix,ベスト,95,14,キャロットファーム | グランド牧場 | ゴドルフィン | サンデーレーシング | ヒダカ・ブリーダーズ・ユニオン | 吉田勝己 | 小西良明 | 沖田正憲 | 磯山司郎 | 社台レースホース | 西村新一郎 | 飯田正剛 | 馬場幸夫 | 高田久成,49,ベストアルカディア | ベストイズアスク | ベストインクラス | ベストオブキング | ベストオブケリー
prefix,ペプチド,91,1,沼川一彦,27,ペプチドアサヒ | ペプチドアバンス | ペプチドアロン | ペプチドアーニャ | ペプチドエレノア
prefix,ベルウッド,76,2,蓑島竜一 | 鈴木照雄,20,ベルウッドアサヒ | ベルウッドアラシ | ベルウッドウズメ | ベルウッドクレド | ベルウッドグラス
prefix,ベルモント,164,1,ベルモントファーム,0,
prefix,ホウオウ,179,1,小笹芳央,121,ホウオウアクセル | ホウオウアシュリン | ホウオウアマゾン | ホウオウアムルーズ | ホウオウアリシア
suffix,ポート,158,1,ターフ・スポート,6,イルデポート | ゲインサポート | ニホンピロポート | ピースポート | フリーパスポート
prefix,ホーマン,97,2,久保久人 | 久保博文,0,
prefix,ホクト,176,5,丹羽信雄 | 北斗牧場 | 布施光章 | 森滋 | 金森森商事,5,ホクトアダマス | ホクトシュンパチ | ホクトシーダー | ホクトブルース | ホクトローリー
prefix,ホッカイ,269,5,北海牧場 | 石田允泉 | 石田宏 | 石田英雄 | 高木繁光,2,ホッカイダイオー | ホッカイメルケル
prefix,ホッコ,97,1,矢部幸一,9,ホッコーアカツキ | ホッコーアドミラル | ホッコーアリス | ホッコーカリュウ | ホッコーソムニウム
prefix,ホッコー,141,3,北幸商事 | 矢部幸一 | 矢部道晃,9,ホッコーアカツキ | ホッコーアドミラル | ホッコーアリス | ホッコーカリュウ | ホッコーソムニウム
prefix,ポット,169,2,ポット牧場 | 壺山佐夜子,0,
prefix,マーブル,105,2,下村直 | 下村芳久,12,マーブルエンジェル | マーブルカリクロ | マーブルケイケー | マーブルチャン | マーブルパレス
prefix,マイネル,1752,1,サラブレッドクラブ・ラフィアン,185,マイネルアイフェル | マイネルアウルム | マイネルアストリア | マイネルアズーロ | マイネルアットーレ
prefix,マキハタ,84,1,槇本牧場,0,
prefix,マコト,146,3,ディアマント | 尾田左知子 | 眞壁明,16,マコトアタキギリ | マコトアディントン | マコトアムレト | マコトエウロペ | マコトエトルリア
prefix,マサノ,79,5,上原正良 | 中村時子 | 古賀禎彦 | 横山正二 | 猪野毛雅人,21,マサノイロハ | マサノエターナル | マサノエンペラー | マサノカトレア | マサノカナリア
prefix,マチカネ,583,4,吉田千津 | 細川悦男 | 細川明彦 | 細川益男,1,マチカネタ
prefix,マツリ,132,7,マツケン農場 | 成瀬喜好 | 松井ヨリ子 | 松井健一 | 松岡辰子 | 谷田元彦 | 谷田松枝,12,マツシマ | マツリダイコ | マツリダカヴァロ | マツリダゲンキマン | マツリダショパン
prefix,マテンロウ,91,1,寺田千代乃,54,マテンロウアイ | マテンロウアトラス | マテンロウアネモス | マテンロウアルカナ | マテンロウアルテ
prefix,マヤノ,285,2,田所祐 | 田所英子,4,マヤノイマジン | マヤノガルネリ | マヤノシャムロック | マヤノハルモニア
prefix,マリノ,93,6,クラウン | 和田志保 | 矢野まり子 | 矢野恭裕 | 矢野悦三 | 矢野雅子,37,マリノアズラ | マリノエステーラ | マリノエスプレッソ | マリノエルドラド | マリノカサブランカ
prefix,マルカ,199,2,日下部猛 | 河長産業,21,マルカアトラス | マルカアルバ | マルカイグアス | マルカオペラ | マルカシャルマン
prefix,マルシゲ,123,1,坂東島繁藤,0,
prefix,マルターズ,75,2,藤田与志男 | 藤田在子,3,マルターズデイ | マルターズドン | マルターズヴェロス
prefix,マルタカ,245,5,國立治 | 田中友一 | 鈴木隆雄 | 高橋まゆみ | 高橋義和,0,
prefix,マルブツ,292,3,大沢毅 | 大澤利久 | 大澤毅,1,マルブツプライド
prefix,マンジュデン,76,2,カネキ競走馬 | 戎谷昌樹,0,
prefix,ミキノ,95,4,ミキハウス | 宮崎三郎 | 池田實 | 谷口久和,10,ミキノイチゴ | ミキノエイトビート | ミキノオーボエ | ミキノカラクリバコ | ミキノクラップス
prefix,ミッキー,236,2,三木久史 | 野田みづき,65,ミッキーアプローズ | ミッキーアロット | ミッキーイーグル | ミッキーウィン | ミッキーエイト
prefix,ミナミノ,94,2,中根久治 | 永嶋道治,0,
suffix,ミノル,93,2,吉岡實 | 吉岡輝美,27,アダマスミノル | アルバートミノル | アルメイダミノル | イナズマミノル | エスポワールミノル
prefix,ミホ,126,2,堤勘時 | 堤賢一,3,ミホスローロリス | ミホノキセキ | ミホノハヤテ
prefix,ミヤギ,112,1,菅原光博,9,ミヤギエンペラー | ミヤギザオウ | ミヤギシリウス | ミヤギフェニックス | ミヤギプリンセス
prefix,ミヤビ,105,2,村上義勝 | 榎本二三男,22,ミヤビアストレア | ミヤビアミーラ | ミヤビアンセム | ミヤビアーク | ミヤビエクセレント
prefix,ミリオン,109,3,ミリオンサラブレッドクラブ | 吉永藤雄 | 岡崎牧場,13,ミリオンアップ | ミリオンクラウン | ミリオングローリー | ミリオンジェンヌ | ミリオンタイムズ
prefix,ミルフォード,82,3,則武博文 | 則武愛康 | 則武清司,0,
prefix,メイショウ,2339,3,松本和子 | 松本好隆 | 松本好雄,465,メイショウアイク | メイショウアイナ | メイショウアイル | メイショウアオコチ | メイショウアカツキ
prefix,メジロ,821,4,メジロ商事 | メジロ牧場 | 北野俊雄 | 岩崎伸道,1,メジロピオラ
prefix,メモリー,118,2,シンザンクラブ | 橋元幸次,10,メモリーエアシップ | メモリーエフェクト | メモリーグラス | メモリーサボアール | メモリーズオブユー
prefix,モガミ,196,3,早坂太吉 | 最上ホースクラブ | 最上牧場,0,
prefix,モズ,220,2,キャピタル・システム | 北側雅司,93,モズアカトンボ | モズアカボス | モズアンカー | モズアンタレス | モズアンドモズ
prefix,ヤクモ,169,2,小倉正夫 | 山崎牧場,1,ヤクモドリーム
prefix,ヤマイチ,200,8,山住勲 | 山口久夫 | 山口節子 | 山岡辰次郎 | 山田博康 | 清水一郎 | 西村新一郎 | 越村哲男,206,ヤマイチアクトレス | ヤマイチエスポ | ヤマイチキャプテン | ヤマイチステート | ヤマイチマチルド
prefix,ヤマカツ,128,3,山田博康 | 山田和夫 | 駒秀,11,ヤマカツオリオン | ヤマカツオードリー | ヤマカツタイガ | ヤマカツダーリン | ヤマカツパトリシア
prefix,ヤマト,87,6,サン | 坂東政雄 | 巽熊一 | 西中大三郎 | 西野種一 | 醍醐徹,14,ヤマトオーザー | ヤマトカチドキ | ヤマトコウセイ | ヤマトシルビア | ヤマトシーダー
prefix,ヤマニン,1031,5,ヤマニン | 土井商事 | 土井宏二 | 土井肇 | 土井薫,98,ヤマニンアストロン | ヤマニンアズライト | ヤマニンアドホック | ヤマニンアマルタス | ヤマニンアラクリア
prefix,ヤマノ,235,11,山住れい子 | 山住勲 | 山住知平 | 山口久夫 | 山口克己 | 山口節子 | 山口米吉 | 山本弥恵子 | 山泉恵宥 | 杉田勝二 | 澤村敏雄,18,ヤマノアシオト | ヤマノインパクト | ヤマノウォーリア | ヤマノギフト | ヤマノグリッターズ
prefix,ヤング,95,4,小谷野次郎 | 梶原重雄 | 良原仙一 | 藤田晋,9,ヤングアメリカンズ | ヤングオーオー | ヤングジャガー | ヤングスカーレット | ヤングゼネラル
prefix,ユウ,125,6,アイテツ | 土井雄二 | 新子政勇貴 | 清水勇之助 | 碓氷ミナ子 | 碓氷勝三郎,72,ユウェンタース | ユウオウマイシン | ユウガオ | ユウキヒャクバイ | ユウギリ
prefix,ユウキ,194,3,ちきり組合 | アイテツ | 雪本秀樹,1,ユウキヒャクバイ
prefix,ユーワ,305,3,ユーワ | ユーワライディング | 東京ホースレーシング,0,
prefix,ユキノ,139,9,ウイン | ヌデ嶋孝司 | 井上基之 | 村上幸三 | 柏木務 | 河原純之 | 荒井幸勝 | 遠藤宗義 | 馬場幸廣,19,ユキノエミリオ | ユキノエリザベス | ユキノオウジサマ | ユキノクラウン | ユキノグラス
prefix,ヨシ,137,5,吉永清人 | 天野光晴 | 岡田吉信 | 田辺喜彦 | 由崎英三,30,ヨシイチ | ヨシウッドテール | ヨシオドライヴ | ヨシキタ | ヨシノアカツキ
prefix,ヨシノ,90,9,吉岡啓史 | 吉永清人 | 吉田義昭 | 吉野文雄 | 日本興産 | 林義彦 | 清水義徳 | 細谷よしの | 阿部善男,23,ヨシノアカツキ | ヨシノアヴァンセ | ヨシノイクスプレス | ヨシノイズカミング | ヨシノイースター
prefix,ライト,96,9,サンデーレーシング | 下司楯夫 | 伊藤照三 | 吉岡泰治 | 吉岡静枝 | 市瀬輝男 | 指田直行 | 社台レースホース | 藤田庸右,27,ライトアズフェザー | ライトアファイア | ライトイットアップ | ライトウォーリア | ライトオブジアース
prefix,ライン,152,1,大澤繁昌,46,ラインアルテア | ラインアルテミス | ラインアルファ | ラインアンジェラ | ラインウィンド
prefix,ラガー,182,1,奥村啓二,7,ラガークイン | ラガーダブルエイト | ラガートゥインクル | ラガービックワン | ラガープリンセス
prefix,ラブ,204,12,M・Kenichiホールディング | オールラブクラブ | スピードファーム | ノースヒルズマネジメント | ヒダカ・ブリーダーズ・ユニオン | ミルファーム | 増田陽一 | 小林祥晃 | 松岡隆雄 | 江口雄一郎 | 田頭勇貴 | 社台レースホース,118,ラブアイミー | ラブアンドハピネス | ラブアンドビーンズ | ラブアンドラッキー | ラブアンバジョ
prefix,ランド,177,2,木村善一 | 木村昌三,19,ランドエース | ランドオブサンド | ランドオブファイア | ランドオブラヴ | ランドオブリバティ
prefix,リアル,93,8,CLUBRUNFORTHEROSES | サンデーレーシング | 伊藤誠吉 | 原利和 | 吉田照哉 | 大原詔宏 | 水谷光太郎 | 社台レースホース,31,リアルアメリカン | リアルアルバ | リアルエッジ | リアルカイザー | リアルカラー
prefix,リード,89,2,池田豊治 | 熊本芳雄,7,リードアクター | リードアクトレス | リードカナリー | リードキングダム | リードザウイニング
prefix,リキ,150,4,後藤繁樹 | 高山幸雄 | 高橋力造 | 鬼嶋力也,5,リキサンクー | リキサントライ | リキサンハート | リキサンワールド | リキノキセキ
prefix,リキアイ,118,1,高山幸雄,0,
prefix,リネン,201,2,戸山光男 | 戸山昌彦,17,リネンアメリカン | リネンウォーリア | リネンエース | リネンコジーン | リネンスピリット
prefix,リュウ,221,9,三好笑子 | 三好紘之輔 | 三好紘司 | 二口雅一 | 佐藤隆 | 国光正憲 | 塚尾牧場 | 田中ふさ枝 | 福井章哉,137,リュウカルネ | リュウキシ | リュウキタイヨウ | リュウキヒナタ | リュウキヘイ
prefix,リワード,181,2,宮崎冴子 | 宮崎忠比古,16,リワードアンヴァル | リワードインペリオ | リワードエレイン | リワードコロン | リワードシデン
prefix,ルージュ,146,1,東京ホースレーシング,112,ルージュアイトーン | ルージュアイラ | ルージュアウラ | ルージュアストレア | ルージュアズライト
prefix,レインボー,97,5,イーデン産業 | サンデーレーシング | 堀脇操 | 飯田信仁 | 飯田総一郎,22,レインボーウェザー | レインボーウォリア | レインボーエンゼル | レインボーカラー | レインボーカロル
prefix,レオ,295,4,レオ | 田中博之 | 田中竜雨 | 親川智行,37,レオアジャイル | レオアトロポス | レオエンプレス | レオカクテル | レオキー
prefix,レッド,608,9,コオロ | 伊達秀和 | 千屋レッド | 増田陽一 | 東京ホースレーシング | 松本直 | 社台レースホース | 紅露純 | 谷利盛,139,レッドアイスピア | レッドアウェイク | レッドアウレア | レッドアクトゥール | レッドアスール
prefix,レディ,128,7,ヒダカ・ブリーダーズ・ユニオン | ロードホースクラブ | 友駿ホースクラブ | 小林博雄 | 日本ダイナースクラブ | 社台レースホース | 谷川牧場,66,レディアエラ | レディアグレッサー | レディアス | レディアバンティ | レディアマゾネス
prefix,ロイヤル,81,9,グリーンファーム | ターフ・スポート | ヒダカ・ブリーダーズ・ユニオン | ロイヤルパーク | ロイヤルファーム | 下河辺牧場 | 桜井欣吾 | 社台レースホース | 藤田浩,34,ロイヤルアデレード | ロイヤルアフェア | ロイヤルイブキ | ロイヤルウィル | ロイヤルウルフ
prefix,ロード,556,3,ロードホースクラブ | 川口テイ | 川口磐三,138,ロードアイオロス | ロードアウォード | ロードアクア | ロードアスタリスク | ロードアフェット
prefix,ローラン,106,1,斉藤敏博,3,ローランサン | ローランド | ローランドバローズ
prefix,ローレル,235,3,ローレルレーシング | 岩本政男 | 渡辺祥一,10,ローレルアイビー | ローレルエース | ローレルオーブ | ローレルキャニオン | ローレルクラウン
prefix,ロング,547,3,中井商事 | 中井敏雄 | 中井長一,19,ロングイ | ロングウェイホーム | ロングウッド | ロングエール | ロングサクセション
prefix,ワイド,149,6,幅田京子 | 幅田昌伸 | 杉山弘 | 杉山明夫 | 鋤元節夫 | 阪口揚造,33,ワイドアウェイク | ワイドアラジン | ワイドアルバ | ワイドイシス | ワイドエトワール
prefix,ワンダー,587,5,山本信行 | 山本能成 | 山本能行 | 岡本征之 | 村山忠弘,91,ワンダーアウメント | ワンダーアスク | ワンダーアフィラド | ワンダーアマルフィ | ワンダーアリウープ
